Day,bitcoin
2015-01-01,42.291666666666664
2015-01-02,43.25
2015-01-03,48.375
2015-01-04,59.708333333333336
2015-01-05,60.25
2015-01-06,64.125
2015-01-07,54.125
2015-01-08,40.04
2015-01-09,38.833333333333336
2015-01-10,34.708333333333336
2015-01-11,34.291666666666664
2015-01-12,32.958333333333336
2015-01-13,41.875
2015-01-14,65.41666666666667
2015-01-15,66.4
2015-01-16,52.666666666666664
2015-01-17,44.791666666666664
2015-01-18,42.333333333333336
2015-01-19,39.958333333333336
2015-01-20,39.25
2015-01-21,43.916666666666664
2015-01-22,48.28
2015-01-23,49.375
2015-01-24,47.333333333333336
2015-01-25,51.708333333333336
2015-01-26,69.75
2015-01-27,57.208333333333336
2015-01-28,54.875
2015-01-29,69.52
2015-01-30,60.666666666666664
2015-01-31,57.291666666666664
2015-02-01,59.291666666666664
2015-02-02,57.0
2015-02-03,62.833333333333336
2015-02-04,59.75
2015-02-05,51.72
2015-02-06,51.0
2015-02-07,60.875
2015-02-08,53.166666666666664
2015-02-09,58.916666666666664
2015-02-10,59.208333333333336
2015-02-11,54.166666666666664
2015-02-12,60.8
2015-02-13,54.416666666666664
2015-02-14,52.666666666666664
2015-02-15,55.083333333333336
2015-02-16,53.25
2015-02-17,58.125
2015-02-18,54.291666666666664
2015-02-19,13.72
2015-02-20,20.458333333333332
2015-02-21,11.708333333333334
2015-02-22,11.583333333333334
2015-02-23,10.958333333333334
2015-02-24,10.75
2015-02-25,10.041666666666666
2015-02-26,42.4
2015-02-27,45.541666666666664
2015-02-28,41.166666666666664
2015-03-01,43.791666666666664
2015-03-02,50.291666666666664
2015-03-03,48.583333333333336
2015-03-04,47.125
2015-03-05,50.68
2015-03-06,53.833333333333336
2015-03-07,57.291666666666664
2015-03-08,51.75
2015-03-09,49.291666666666664
2015-03-10,59.875
2015-03-11,58.916666666666664
2015-03-12,58.68
2015-03-13,57.916666666666664
2015-03-14,51.666666666666664
2015-03-15,49.75
2015-03-16,55.458333333333336
2015-03-17,53.125
2015-03-18,58.0
2015-03-19,64.92
2015-03-20,57.583333333333336
2015-03-21,49.458333333333336
2015-03-22,52.583333333333336
2015-03-23,56.458333333333336
2015-03-24,56.208333333333336
2015-03-25,61.458333333333336
2015-03-26,54.92
2015-03-27,46.625
2015-03-28,39.958333333333336
2015-03-29,45.75
2015-03-30,56.666666666666664
2015-03-31,52.583333333333336
2015-04-01,53.75
2015-04-02,45.8
2015-04-03,43.166666666666664
2015-04-04,43.5
2015-04-05,44.083333333333336
2015-04-06,46.5
2015-04-07,47.291666666666664
2015-04-08,47.958333333333336
2015-04-09,50.36
2015-04-10,47.458333333333336
2015-04-11,39.625
2015-04-12,40.541666666666664
2015-04-13,47.958333333333336
2015-04-14,48.625
2015-04-15,45.666666666666664
2015-04-16,44.28
2015-04-17,46.541666666666664
2015-04-18,45.125
2015-04-19,49.166666666666664
2015-04-20,43.375
2015-04-21,52.375
2015-04-22,51.958333333333336
2015-04-23,46.2
2015-04-24,42.083333333333336
2015-04-25,40.458333333333336
2015-04-26,40.083333333333336
2015-04-27,46.166666666666664
2015-04-28,43.833333333333336
2015-04-29,44.208333333333336
2015-04-30,50.44
2015-05-01,51.666666666666664
2015-05-02,42.625
2015-05-03,42.25
2015-05-04,43.833333333333336
2015-05-05,46.166666666666664
2015-05-06,49.708333333333336
2015-05-07,52.2
2015-05-08,52.208333333333336
2015-05-09,45.791666666666664
2015-05-10,49.583333333333336
2015-05-11,53.291666666666664
2015-05-12,51.25
2015-05-13,58.958333333333336
2015-05-14,31.48
2015-05-15,23.041666666666668
2015-05-16,21.125
2015-05-17,20.5
2015-05-18,23.5
2015-05-19,24.333333333333332
2015-05-20,26.875
2015-05-21,47.12
2015-05-22,41.25
2015-05-23,40.625
2015-05-24,45.916666666666664
2015-05-25,46.791666666666664
2015-05-26,44.416666666666664
2015-05-27,47.041666666666664
2015-05-28,41.32
2015-05-29,48.0
2015-05-30,56.916666666666664
2015-05-31,50.75
2015-06-01,46.208333333333336
2015-06-02,44.916666666666664
2015-06-03,46.5
2015-06-04,53.56
2015-06-05,53.041666666666664
2015-06-06,55.0
2015-06-07,51.458333333333336
2015-06-08,52.5
2015-06-09,54.541666666666664
2015-06-10,55.666666666666664
2015-06-11,47.24
2015-06-12,52.75
2015-06-13,41.375
2015-06-14,49.583333333333336
2015-06-15,51.333333333333336
2015-06-16,56.208333333333336
2015-06-17,57.583333333333336
2015-06-18,22.16
2015-06-19,11.0
2015-06-20,10.041666666666666
2015-06-21,9.125
2015-06-22,8.75
2015-06-23,8.708333333333334
2015-06-24,8.625
2015-06-25,31.24
2015-06-26,25.625
2015-06-27,27.833333333333332
2015-06-28,29.625
2015-06-29,32.75
2015-06-30,40.583333333333336
2015-07-01,34.291666666666664
2015-07-02,54.44
2015-07-03,55.208333333333336
2015-07-04,58.083333333333336
2015-07-05,56.75
2015-07-06,66.45833333333333
2015-07-07,55.333333333333336
2015-07-08,59.75
2015-07-09,53.12
2015-07-10,55.083333333333336
2015-07-11,49.875
2015-07-12,55.458333333333336
2015-07-13,53.791666666666664
2015-07-14,51.041666666666664
2015-07-15,49.416666666666664
2015-07-16,55.6
2015-07-17,53.541666666666664
2015-07-18,54.041666666666664
2015-07-19,52.125
2015-07-20,54.291666666666664
2015-07-21,52.25
2015-07-22,59.791666666666664
2015-07-23,50.8
2015-07-24,55.625
2015-07-25,57.375
2015-07-26,59.75
2015-07-27,68.20833333333333
2015-07-28,66.58333333333333
2015-07-29,58.041666666666664
2015-07-30,44.24
2015-07-31,41.375
2015-08-01,68.29166666666667
2015-08-02,55.416666666666664
2015-08-03,51.166666666666664
2015-08-04,49.875
2015-08-05,47.375
2015-08-06,65.52
2015-08-07,57.375
2015-08-08,55.875
2015-08-09,63.208333333333336
2015-08-10,64.29166666666667
2015-08-11,65.70833333333333
2015-08-12,63.833333333333336
2015-08-13,54.96
2015-08-14,49.083333333333336
2015-08-15,50.625
2015-08-16,54.833333333333336
2015-08-17,50.125
2015-08-18,55.375
2015-08-19,74.33333333333333
2015-08-20,59.48
2015-08-21,57.5
2015-08-22,56.875
2015-08-23,54.541666666666664
2015-08-24,65.5
2015-08-25,71.29166666666667
2015-08-26,56.416666666666664
2015-08-27,65.76
2015-08-28,58.833333333333336
2015-08-29,58.5
2015-08-30,58.708333333333336
2015-08-31,57.125
2015-09-01,59.625
2015-09-02,61.916666666666664
2015-09-03,58.6
2015-09-04,65.16666666666667
2015-09-05,57.583333333333336
2015-09-06,60.541666666666664
2015-09-07,55.791666666666664
2015-09-08,62.75
2015-09-09,65.95833333333333
2015-09-10,48.16
2015-09-11,48.125
2015-09-12,52.833333333333336
2015-09-13,57.125
2015-09-14,56.833333333333336
2015-09-15,55.583333333333336
2015-09-16,62.166666666666664
2015-09-17,61.96
2015-09-18,61.208333333333336
2015-09-19,53.083333333333336
2015-09-20,55.458333333333336
2015-09-21,53.416666666666664
2015-09-22,59.916666666666664
2015-09-23,60.458333333333336
2015-09-24,53.56
2015-09-25,52.25
2015-09-26,49.791666666666664
2015-09-27,52.333333333333336
2015-09-28,48.625
2015-09-29,50.458333333333336
2015-09-30,54.583333333333336
2015-10-01,51.64
2015-10-02,56.208333333333336
2015-10-03,50.916666666666664
2015-10-04,47.791666666666664
2015-10-05,55.583333333333336
2015-10-06,63.791666666666664
2015-10-07,53.916666666666664
2015-10-08,44.2
2015-10-09,41.0
2015-10-10,42.458333333333336
2015-10-11,40.416666666666664
2015-10-12,40.041666666666664
2015-10-13,41.291666666666664
2015-10-14,41.25
2015-10-15,44.56
2015-10-16,43.041666666666664
2015-10-17,45.458333333333336
2015-10-18,46.958333333333336
2015-10-19,44.166666666666664
2015-10-20,47.916666666666664
2015-10-21,49.708333333333336
2015-10-22,54.48
2015-10-23,50.458333333333336
2015-10-24,48.916666666666664
2015-10-25,50.416666666666664
2015-10-26,53.666666666666664
2015-10-27,55.541666666666664
2015-10-28,56.625
2015-10-29,36.64
2015-10-30,36.958333333333336
2015-10-31,31.458333333333332
2015-11-01,33.5
2015-11-02,39.541666666666664
2015-11-03,54.083333333333336
2015-11-04,73.41666666666667
2015-11-05,68.72
2015-11-06,45.833333333333336
2015-11-07,40.291666666666664
2015-11-08,34.958333333333336
2015-11-09,40.5
2015-11-10,39.0
2015-11-11,37.041666666666664
2015-11-12,67.64
2015-11-13,66.20833333333333
2015-11-14,53.041666666666664
2015-11-15,55.666666666666664
2015-11-16,58.791666666666664
2015-11-17,64.66666666666667
2015-11-18,61.875
2015-11-19,57.92
2015-11-20,61.0
2015-11-21,59.75
2015-11-22,53.333333333333336
2015-11-23,55.041666666666664
2015-11-24,55.291666666666664
2015-11-25,51.208333333333336
2015-11-26,59.56
2015-11-27,57.375
2015-11-28,55.041666666666664
2015-11-29,56.291666666666664
2015-11-30,64.375
2015-12-01,64.54166666666667
2015-12-02,66.04166666666667
2015-12-03,32.88
2015-12-04,28.375
2015-12-05,26.416666666666668
2015-12-06,28.833333333333332
2015-12-07,29.0
2015-12-08,39.958333333333336
2015-12-09,80.54166666666667
2015-12-10,72.52
2015-12-11,57.458333333333336
2015-12-12,53.583333333333336
2015-12-13,47.708333333333336
2015-12-14,46.75
2015-12-15,52.958333333333336
2015-12-16,47.791666666666664
2015-12-17,72.24
2015-12-18,66.875
2015-12-19,58.458333333333336
2015-12-20,62.25
2015-12-21,65.5
2015-12-22,60.708333333333336
2015-12-23,63.833333333333336
2015-12-24,65.2
2015-12-25,53.583333333333336
2015-12-26,60.875
2015-12-27,59.375
2015-12-28,57.291666666666664
2015-12-29,58.083333333333336
2015-12-30,61.458333333333336
2015-12-31,48.24
2016-01-01,41.291666666666664
2016-01-02,39.666666666666664
2016-01-03,49.791666666666664
2016-01-04,46.041666666666664
2016-01-05,50.416666666666664
2016-01-06,46.416666666666664
2016-01-07,60.0
2016-01-08,62.5
2016-01-09,54.208333333333336
2016-01-10,46.958333333333336
2016-01-11,52.5
2016-01-12,46.875
2016-01-13,52.958333333333336
2016-01-14,47.12
2016-01-15,65.16666666666667
2016-01-16,67.875
2016-01-17,62.541666666666664
2016-01-18,59.166666666666664
2016-01-19,57.625
2016-01-20,61.333333333333336
2016-01-21,66.72
2016-01-22,63.25
2016-01-23,61.791666666666664
2016-01-24,53.458333333333336
2016-01-25,55.625
2016-01-26,59.458333333333336
2016-01-27,54.958333333333336
2016-01-28,65.88
2016-01-29,64.66666666666667
2016-01-30,59.25
2016-01-31,59.375
2016-02-01,60.0
2016-02-02,57.5
2016-02-03,59.708333333333336
2016-02-04,61.44
2016-02-05,63.375
2016-02-06,63.208333333333336
2016-02-07,63.416666666666664
2016-02-08,62.791666666666664
2016-02-09,64.41666666666667
2016-02-10,67.375
2016-02-11,60.16
2016-02-12,55.75
2016-02-13,51.291666666666664
2016-02-14,54.0
2016-02-15,58.625
2016-02-16,59.583333333333336
2016-02-17,59.958333333333336
2016-02-18,72.44
2016-02-19,68.5
2016-02-20,62.416666666666664
2016-02-21,64.16666666666667
2016-02-22,62.583333333333336
2016-02-23,63.583333333333336
2016-02-24,65.45833333333333
2016-02-25,56.88
2016-02-26,59.083333333333336
2016-02-27,65.04166666666667
2016-02-28,54.458333333333336
2016-02-29,58.458333333333336
2016-03-01,60.416666666666664
2016-03-02,60.083333333333336
2016-03-03,52.76
2016-03-04,49.958333333333336
2016-03-05,59.416666666666664
2016-03-06,47.75
2016-03-07,49.5
2016-03-08,50.708333333333336
2016-03-09,53.5
2016-03-10,53.08
2016-03-11,56.791666666666664
2016-03-12,56.333333333333336
2016-03-13,51.5
2016-03-14,60.041666666666664
2016-03-15,59.083333333333336
2016-03-16,55.25
2016-03-17,62.96
2016-03-18,59.791666666666664
2016-03-19,58.958333333333336
2016-03-20,64.08333333333333
2016-03-21,64.83333333333333
2016-03-22,62.291666666666664
2016-03-23,60.291666666666664
2016-03-24,58.6
2016-03-25,52.291666666666664
2016-03-26,52.916666666666664
2016-03-27,56.208333333333336
2016-03-28,56.375
2016-03-29,57.833333333333336
2016-03-30,61.416666666666664
2016-03-31,60.76
2016-04-01,57.541666666666664
2016-04-02,57.583333333333336
2016-04-03,51.458333333333336
2016-04-04,54.666666666666664
2016-04-05,56.0
2016-04-06,61.041666666666664
2016-04-07,55.84
2016-04-08,57.041666666666664
2016-04-09,50.25
2016-04-10,57.625
2016-04-11,56.583333333333336
2016-04-12,58.75
2016-04-13,60.541666666666664
2016-04-14,51.4
2016-04-15,46.875
2016-04-16,46.0
2016-04-17,50.083333333333336
2016-04-18,49.0
2016-04-19,53.416666666666664
2016-04-20,54.458333333333336
2016-04-21,44.92
2016-04-22,47.916666666666664
2016-04-23,38.916666666666664
2016-04-24,44.958333333333336
2016-04-25,45.416666666666664
2016-04-26,44.75
2016-04-27,44.458333333333336
2016-04-28,25.56
2016-04-29,20.458333333333332
2016-04-30,19.708333333333332
2016-05-01,18.166666666666668
2016-05-02,57.333333333333336
2016-05-03,39.75
2016-05-04,25.791666666666668
2016-05-05,62.36
2016-05-06,59.458333333333336
2016-05-07,60.041666666666664
2016-05-08,54.583333333333336
2016-05-09,56.625
2016-05-10,55.125
2016-05-11,54.833333333333336
2016-05-12,53.12
2016-05-13,53.125
2016-05-14,46.166666666666664
2016-05-15,45.25
2016-05-16,45.416666666666664
2016-05-17,55.791666666666664
2016-05-18,49.208333333333336
2016-05-19,64.48
2016-05-20,64.0
2016-05-21,55.166666666666664
2016-05-22,56.791666666666664
2016-05-23,60.5
2016-05-24,57.916666666666664
2016-05-25,61.833333333333336
2016-05-26,42.04
2016-05-27,51.916666666666664
2016-05-28,58.583333333333336
2016-05-29,65.66666666666667
2016-05-30,67.04166666666667
2016-05-31,63.0
2016-06-01,59.916666666666664
2016-06-02,58.64
2016-06-03,62.625
2016-06-04,62.375
2016-06-05,63.541666666666664
2016-06-06,65.0
2016-06-07,62.458333333333336
2016-06-08,60.125
2016-06-09,42.8
2016-06-10,37.5
2016-06-11,41.958333333333336
2016-06-12,58.958333333333336
2016-06-13,69.54166666666667
2016-06-14,58.791666666666664
2016-06-15,54.166666666666664
2016-06-16,69.32
2016-06-17,70.91666666666667
2016-06-18,57.291666666666664
2016-06-19,49.208333333333336
2016-06-20,54.458333333333336
2016-06-21,63.916666666666664
2016-06-22,54.791666666666664
2016-06-23,51.0
2016-06-24,67.0
2016-06-25,49.875
2016-06-26,43.0
2016-06-27,42.5
2016-06-28,41.166666666666664
2016-06-29,39.625
2016-06-30,71.96
2016-07-01,77.41666666666667
2016-07-02,65.91666666666667
2016-07-03,69.75
2016-07-04,68.95833333333333
2016-07-05,68.29166666666667
2016-07-06,67.16666666666667
2016-07-07,54.08
2016-07-08,49.166666666666664
2016-07-09,64.875
2016-07-10,51.541666666666664
2016-07-11,48.291666666666664
2016-07-12,48.541666666666664
2016-07-13,42.666666666666664
2016-07-14,50.52
2016-07-15,48.833333333333336
2016-07-16,45.583333333333336
2016-07-17,47.25
2016-07-18,45.75
2016-07-19,46.875
2016-07-20,47.958333333333336
2016-07-21,48.2
2016-07-22,40.708333333333336
2016-07-23,37.458333333333336
2016-07-24,43.541666666666664
2016-07-25,42.041666666666664
2016-07-26,44.333333333333336
2016-07-27,49.208333333333336
2016-07-28,31.08
2016-07-29,28.708333333333332
2016-07-30,30.291666666666668
2016-07-31,30.833333333333332
2016-08-01,34.5
2016-08-02,42.166666666666664
2016-08-03,68.20833333333333
2016-08-04,69.4
2016-08-05,49.5
2016-08-06,51.083333333333336
2016-08-07,50.958333333333336
2016-08-08,54.916666666666664
2016-08-09,48.5
2016-08-10,44.333333333333336
2016-08-11,58.0
2016-08-12,56.291666666666664
2016-08-13,57.416666666666664
2016-08-14,57.166666666666664
2016-08-15,60.083333333333336
2016-08-16,59.75
2016-08-17,58.125
2016-08-18,54.24
2016-08-19,53.0
2016-08-20,46.375
2016-08-21,51.5
2016-08-22,52.708333333333336
2016-08-23,55.208333333333336
2016-08-24,53.0
2016-08-25,57.76
2016-08-26,57.25
2016-08-27,52.416666666666664
2016-08-28,51.916666666666664
2016-08-29,52.791666666666664
2016-08-30,57.375
2016-08-31,56.75
2016-09-01,67.6
2016-09-02,62.458333333333336
2016-09-03,65.54166666666667
2016-09-04,71.41666666666667
2016-09-05,70.70833333333333
2016-09-06,67.875
2016-09-07,70.5
2016-09-08,57.36
2016-09-09,52.541666666666664
2016-09-10,52.833333333333336
2016-09-11,49.75
2016-09-12,55.833333333333336
2016-09-13,53.0
2016-09-14,52.625
2016-09-15,58.0
2016-09-16,51.458333333333336
2016-09-17,48.625
2016-09-18,48.291666666666664
2016-09-19,50.5
2016-09-20,51.666666666666664
2016-09-21,57.041666666666664
2016-09-22,58.0
2016-09-23,56.541666666666664
2016-09-24,56.875
2016-09-25,48.708333333333336
2016-09-26,53.541666666666664
2016-09-27,52.583333333333336
2016-09-28,49.125
2016-09-29,52.44
2016-09-30,51.958333333333336
2016-10-01,54.333333333333336
2016-10-02,52.875
2016-10-03,50.416666666666664
2016-10-04,55.458333333333336
2016-10-05,51.75
2016-10-06,60.84
2016-10-07,62.083333333333336
2016-10-08,55.458333333333336
2016-10-09,58.083333333333336
2016-10-10,57.041666666666664
2016-10-11,72.25
2016-10-12,68.25
2016-10-13,57.92
2016-10-14,59.166666666666664
2016-10-15,56.041666666666664
2016-10-16,56.75
2016-10-17,53.458333333333336
2016-10-18,54.5
2016-10-19,56.583333333333336
2016-10-20,62.04
2016-10-21,56.5
2016-10-22,61.708333333333336
2016-10-23,63.666666666666664
2016-10-24,61.5
2016-10-25,62.208333333333336
2016-10-26,66.0
2016-10-27,43.08
2016-10-28,43.75
2016-10-29,47.083333333333336
2016-10-30,42.375
2016-10-31,43.375
2016-11-01,44.833333333333336
2016-11-02,42.125
2016-11-03,45.2
2016-11-04,43.25
2016-11-05,45.75
2016-11-06,41.458333333333336
2016-11-07,40.416666666666664
2016-11-08,41.083333333333336
2016-11-09,59.416666666666664
2016-11-10,55.24
2016-11-11,53.75
2016-11-12,54.708333333333336
2016-11-13,55.375
2016-11-14,56.0
2016-11-15,57.875
2016-11-16,56.541666666666664
2016-11-17,69.2
2016-11-18,66.66666666666667
2016-11-19,63.833333333333336
2016-11-20,59.25
2016-11-21,61.166666666666664
2016-11-22,62.583333333333336
2016-11-23,69.0
2016-11-24,65.04
2016-11-25,65.0
2016-11-26,59.041666666666664
2016-11-27,62.125
2016-11-28,66.625
2016-11-29,69.54166666666667
2016-11-30,65.58333333333333
2016-12-01,66.88
2016-12-02,73.04166666666667
2016-12-03,66.04166666666667
2016-12-04,61.208333333333336
2016-12-05,68.04166666666667
2016-12-06,67.54166666666667
2016-12-07,66.625
2016-12-08,65.04
2016-12-09,63.166666666666664
2016-12-10,61.333333333333336
2016-12-11,59.541666666666664
2016-12-12,61.75
2016-12-13,64.79166666666667
2016-12-14,64.20833333333333
2016-12-15,59.12
2016-12-16,58.041666666666664
2016-12-17,58.375
2016-12-18,55.208333333333336
2016-12-19,62.333333333333336
2016-12-20,63.416666666666664
2016-12-21,79.04166666666667
2016-12-22,63.2
2016-12-23,70.125
2016-12-24,55.958333333333336
2016-12-25,54.0
2016-12-26,54.791666666666664
2016-12-27,59.916666666666664
2016-12-28,68.04166666666667
2016-12-29,51.96
2016-12-30,45.125
2016-12-31,36.875
2017-01-01,38.875
2017-01-02,62.416666666666664
2017-01-03,62.166666666666664
2017-01-04,68.58333333333333
2017-01-05,80.0
2017-01-06,71.83333333333333
2017-01-07,57.208333333333336
2017-01-08,51.958333333333336
2017-01-09,50.041666666666664
2017-01-10,45.625
2017-01-11,51.625
2017-01-12,79.48
2017-01-13,63.583333333333336
2017-01-14,60.625
2017-01-15,59.291666666666664
2017-01-16,56.0
2017-01-17,58.916666666666664
2017-01-18,57.375
2017-01-19,67.12
2017-01-20,60.916666666666664
2017-01-21,60.958333333333336
2017-01-22,59.0
2017-01-23,63.75
2017-01-24,64.16666666666667
2017-01-25,61.041666666666664
2017-01-26,59.32
2017-01-27,61.333333333333336
2017-01-28,56.666666666666664
2017-01-29,57.791666666666664
2017-01-30,60.5
2017-01-31,62.5
2017-02-01,71.79166666666667
2017-02-02,64.84
2017-02-03,70.0
2017-02-04,63.583333333333336
2017-02-05,63.916666666666664
2017-02-06,63.541666666666664
2017-02-07,61.666666666666664
2017-02-08,66.625
2017-02-09,71.52
2017-02-10,66.91666666666667
2017-02-11,62.208333333333336
2017-02-12,59.416666666666664
2017-02-13,58.375
2017-02-14,59.791666666666664
2017-02-15,59.583333333333336
2017-02-16,66.84
2017-02-17,64.04166666666667
2017-02-18,63.583333333333336
2017-02-19,57.375
2017-02-20,63.375
2017-02-21,75.75
2017-02-22,73.0
2017-02-23,65.24
2017-02-24,75.625
2017-02-25,62.333333333333336
2017-02-26,54.583333333333336
2017-02-27,57.083333333333336
2017-02-28,59.708333333333336
2017-03-01,57.791666666666664
2017-03-02,56.4
2017-03-03,72.16666666666667
2017-03-04,60.375
2017-03-05,49.833333333333336
2017-03-06,51.958333333333336
2017-03-07,57.625
2017-03-08,56.958333333333336
2017-03-09,28.36
2017-03-10,37.958333333333336
2017-03-11,33.625
2017-03-12,25.0
2017-03-13,25.458333333333332
2017-03-14,24.541666666666668
2017-03-15,23.791666666666668
2017-03-16,58.0
2017-03-17,64.25
2017-03-18,73.70833333333333
2017-03-19,68.33333333333333
2017-03-20,62.833333333333336
2017-03-21,62.958333333333336
2017-03-22,64.875
2017-03-23,68.68
2017-03-24,71.625
2017-03-25,75.70833333333333
2017-03-26,69.54166666666667
2017-03-27,68.04166666666667
2017-03-28,65.66666666666667
2017-03-29,66.33333333333333
2017-03-30,56.84
2017-03-31,56.958333333333336
2017-04-01,60.208333333333336
2017-04-02,55.958333333333336
2017-04-03,63.041666666666664
2017-04-04,61.791666666666664
2017-04-05,57.125
2017-04-06,67.96
2017-04-07,66.0
2017-04-08,63.833333333333336
2017-04-09,62.416666666666664
2017-04-10,65.83333333333333
2017-04-11,71.04166666666667
2017-04-12,65.58333333333333
2017-04-13,68.52
2017-04-14,62.791666666666664
2017-04-15,59.916666666666664
2017-04-16,58.708333333333336
2017-04-17,63.708333333333336
2017-04-18,72.20833333333333
2017-04-19,65.04166666666667
2017-04-20,59.12
2017-04-21,59.125
2017-04-22,57.75
2017-04-23,52.375
2017-04-24,58.166666666666664
2017-04-25,65.95833333333333
2017-04-26,70.0
2017-04-27,54.28
2017-04-28,53.583333333333336
2017-04-29,49.291666666666664
2017-04-30,47.75
2017-05-01,57.666666666666664
2017-05-02,67.29166666666667
2017-05-03,67.20833333333333
2017-05-04,66.76
2017-05-05,62.458333333333336
2017-05-06,53.0
2017-05-07,51.375
2017-05-08,58.791666666666664
2017-05-09,75.04166666666667
2017-05-10,68.5
2017-05-11,54.56
2017-05-12,62.583333333333336
2017-05-13,66.45833333333333
2017-05-14,56.166666666666664
2017-05-15,73.79166666666667
2017-05-16,68.5
2017-05-17,58.458333333333336
2017-05-18,38.52
2017-05-19,40.666666666666664
2017-05-20,39.041666666666664
2017-05-21,41.458333333333336
2017-05-22,62.75
2017-05-23,69.125
2017-05-24,74.875
2017-05-25,75.08
2017-05-26,62.083333333333336
2017-05-27,52.5
2017-05-28,39.416666666666664
2017-05-29,38.291666666666664
2017-05-30,37.458333333333336
2017-05-31,36.791666666666664
2017-06-01,63.4
2017-06-02,56.833333333333336
2017-06-03,53.625
2017-06-04,51.625
2017-06-05,56.458333333333336
2017-06-06,78.54166666666667
2017-06-07,71.5
2017-06-08,59.8
2017-06-09,59.333333333333336
2017-06-10,55.458333333333336
2017-06-11,57.291666666666664
2017-06-12,72.54166666666667
2017-06-13,66.54166666666667
2017-06-14,62.75
2017-06-15,70.32
2017-06-16,56.291666666666664
2017-06-17,46.583333333333336
2017-06-18,44.208333333333336
2017-06-19,46.291666666666664
2017-06-20,49.458333333333336
2017-06-21,51.541666666666664
2017-06-22,66.12
2017-06-23,66.16666666666667
2017-06-24,62.041666666666664
2017-06-25,59.25
2017-06-26,72.0
2017-06-27,82.79166666666667
2017-06-28,80.125
2017-06-29,78.6
2017-06-30,69.70833333333333
2017-07-01,64.875
2017-07-02,66.625
2017-07-03,66.25
2017-07-04,71.41666666666667
2017-07-05,68.58333333333333
2017-07-06,63.88
2017-07-07,59.5
2017-07-08,60.041666666666664
2017-07-09,55.625
2017-07-10,66.08333333333333
2017-07-11,75.08333333333333
2017-07-12,72.79166666666667
2017-07-13,63.68
2017-07-14,63.75
2017-07-15,71.66666666666667
2017-07-16,78.79166666666667
2017-07-17,75.5
2017-07-18,74.75
2017-07-19,70.125
2017-07-20,65.48
2017-07-21,67.29166666666667
2017-07-22,57.5
2017-07-23,59.083333333333336
2017-07-24,57.916666666666664
2017-07-25,62.083333333333336
2017-07-26,60.083333333333336
2017-07-27,39.6
2017-07-28,44.125
2017-07-29,36.791666666666664
2017-07-30,36.333333333333336
2017-07-31,45.125
2017-08-01,77.41666666666667
2017-08-02,71.33333333333333
2017-08-03,62.04
2017-08-04,55.5
2017-08-05,71.58333333333333
2017-08-06,60.541666666666664
2017-08-07,66.04166666666667
2017-08-08,74.45833333333333
2017-08-09,64.83333333333333
2017-08-10,47.88
2017-08-11,50.5
2017-08-12,58.458333333333336
2017-08-13,72.625
2017-08-14,79.66666666666667
2017-08-15,82.0
2017-08-16,69.5
2017-08-17,81.8
2017-08-18,81.75
2017-08-19,76.70833333333333
2017-08-20,71.625
2017-08-21,72.95833333333333
2017-08-22,77.58333333333333
2017-08-23,73.45833333333333
2017-08-24,74.28
2017-08-25,77.04166666666667
2017-08-26,67.33333333333333
2017-08-27,60.833333333333336
2017-08-28,66.125
2017-08-29,78.125
2017-08-30,80.54166666666667
2017-08-31,73.28
2017-09-01,75.70833333333333
2017-09-02,76.08333333333333
2017-09-03,69.375
2017-09-04,79.41666666666667
2017-09-05,81.70833333333333
2017-09-06,71.125
2017-09-07,60.2
2017-09-08,64.54166666666667
2017-09-09,57.083333333333336
2017-09-10,54.916666666666664
2017-09-11,61.0
2017-09-12,61.083333333333336
2017-09-13,81.95833333333333
2017-09-14,71.36
2017-09-15,81.875
2017-09-16,55.0
2017-09-17,44.875
2017-09-18,51.25
2017-09-19,49.458333333333336
2017-09-20,42.083333333333336
2017-09-21,72.12
2017-09-22,70.66666666666667
2017-09-23,58.833333333333336
2017-09-24,55.916666666666664
2017-09-25,61.25
2017-09-26,62.833333333333336
2017-09-27,64.33333333333333
2017-09-28,83.68
2017-09-29,80.58333333333333
2017-09-30,75.625
2017-10-01,72.58333333333333
2017-10-02,81.20833333333333
2017-10-03,80.5
2017-10-04,78.5
2017-10-05,61.28
2017-10-06,59.791666666666664
2017-10-07,55.916666666666664
2017-10-08,60.541666666666664
2017-10-09,74.08333333333333
2017-10-10,76.625
2017-10-11,71.83333333333333
2017-10-12,51.44
2017-10-13,63.791666666666664
2017-10-14,43.291666666666664
2017-10-15,40.416666666666664
2017-10-16,40.833333333333336
2017-10-17,39.5
2017-10-18,39.291666666666664
2017-10-19,54.76
2017-10-20,65.0
2017-10-21,75.875
2017-10-22,63.0
2017-10-23,70.625
2017-10-24,76.75
2017-10-25,69.91666666666667
2017-10-26,53.32
2017-10-27,48.25
2017-10-28,40.875
2017-10-29,42.833333333333336
2017-10-30,52.458333333333336
2017-10-31,58.75
2017-11-01,72.33333333333333
2017-11-02,76.48
2017-11-03,68.45833333333333
2017-11-04,53.708333333333336
2017-11-05,52.375
2017-11-06,55.291666666666664
2017-11-07,53.0
2017-11-08,56.0
2017-11-09,44.24
2017-11-10,51.166666666666664
2017-11-11,50.5
2017-11-12,64.41666666666667
2017-11-13,55.375
2017-11-14,45.0
2017-11-15,44.375
2017-11-16,59.88
2017-11-17,70.125
2017-11-18,54.166666666666664
2017-11-19,50.458333333333336
2017-11-20,62.5
2017-11-21,68.29166666666667
2017-11-22,59.041666666666664
2017-11-23,21.04
2017-11-24,18.875
2017-11-25,19.875
2017-11-26,28.291666666666668
2017-11-27,38.75
2017-11-28,44.583333333333336
2017-11-29,73.45833333333333
2017-11-30,62.64
2017-12-01,47.5
2017-12-02,36.375
2017-12-03,35.958333333333336
2017-12-04,42.25
2017-12-05,42.291666666666664
2017-12-06,57.666666666666664
2017-12-07,61.12
2017-12-08,59.708333333333336
2017-12-09,38.916666666666664
2017-12-10,36.625
2017-12-11,42.333333333333336
2017-12-12,40.416666666666664
2017-12-13,35.708333333333336
2017-12-14,39.72
2017-12-15,36.875
2017-12-16,36.208333333333336
2017-12-17,41.083333333333336
2017-12-18,40.708333333333336
2017-12-19,43.958333333333336
2017-12-20,60.875
2017-12-21,40.44
2017-12-22,72.95833333333333
2017-12-23,49.833333333333336
2017-12-24,37.083333333333336
2017-12-25,31.791666666666668
2017-12-26,30.916666666666668
2017-12-27,29.375
2017-12-28,82.8
2017-12-29,75.95833333333333
2017-12-30,73.0
2017-12-31,61.833333333333336
2018-01-01,57.875
2018-01-02,69.875
2018-01-03,69.79166666666667
2018-01-04,79.36
2018-01-05,78.16666666666667
2018-01-06,71.5
2018-01-07,68.875
2018-01-08,77.33333333333333
2018-01-09,74.33333333333333
2018-01-10,77.45833333333333
2018-01-11,38.04
2018-01-12,29.625
2018-01-13,25.416666666666668
2018-01-14,23.5
2018-01-15,23.416666666666668
2018-01-16,46.25
2018-01-17,62.75
2018-01-18,77.56
2018-01-19,55.541666666666664
2018-01-20,46.041666666666664
2018-01-21,43.166666666666664
2018-01-22,49.583333333333336
2018-01-23,48.708333333333336
2018-01-24,44.375
2018-01-25,74.24
2018-01-26,76.0
2018-01-27,65.25
2018-01-28,62.916666666666664
2018-01-29,63.291666666666664
2018-01-30,71.08333333333333
2018-01-31,76.625
2018-02-01,40.76
2018-02-02,54.583333333333336
2018-02-03,36.375
2018-02-04,30.333333333333332
2018-02-05,51.375
2018-02-06,70.91666666666667
2018-02-07,43.333333333333336
2018-02-08,75.48
2018-02-09,67.04166666666667
2018-02-10,55.666666666666664
2018-02-11,51.0
2018-02-12,56.083333333333336
2018-02-13,51.208333333333336
2018-02-14,50.875
2018-02-15,82.48
2018-02-16,77.16666666666667
2018-02-17,71.45833333333333
2018-02-18,76.375
2018-02-19,70.5
2018-02-20,78.33333333333333
2018-02-21,77.08333333333333
2018-02-22,88.56
2018-02-23,80.125
2018-02-24,72.375
2018-02-25,68.58333333333333
2018-02-26,74.41666666666667
2018-02-27,77.375
2018-02-28,72.95833333333333
2018-03-01,66.16
2018-03-02,66.83333333333333
2018-03-03,62.375
2018-03-04,56.541666666666664
2018-03-05,64.20833333333333
2018-03-06,64.75
2018-03-07,69.91666666666667
2018-03-08,64.0
2018-03-09,71.625
2018-03-10,53.0
2018-03-11,51.375
2018-03-12,57.166666666666664
2018-03-13,55.416666666666664
2018-03-14,61.541666666666664
2018-03-15,71.68
2018-03-16,57.916666666666664
2018-03-17,50.625
2018-03-18,62.125
2018-03-19,59.125
2018-03-20,56.375
2018-03-21,52.791666666666664
2018-03-22,33.96
2018-03-23,32.208333333333336
2018-03-24,28.166666666666668
2018-03-25,27.5
2018-03-26,38.083333333333336
2018-03-27,34.541666666666664
2018-03-28,32.041666666666664
2018-03-29,59.04
2018-03-30,68.91666666666667
2018-03-31,49.333333333333336
2018-04-01,54.208333333333336
2018-04-02,56.583333333333336
2018-04-03,53.25
2018-04-04,50.875
2018-04-05,83.68
2018-04-06,89.75
2018-04-07,71.58333333333333
2018-04-08,65.33333333333333
2018-04-09,79.875
2018-04-10,76.54166666666667
2018-04-11,71.54166666666667
2018-04-12,72.2
2018-04-13,76.41666666666667
2018-04-14,58.791666666666664
2018-04-15,55.75
2018-04-16,62.833333333333336
2018-04-17,60.25
2018-04-18,59.166666666666664
2018-04-19,67.36
2018-04-20,69.58333333333333
2018-04-21,66.25
2018-04-22,62.875
2018-04-23,69.70833333333333
2018-04-24,83.5
2018-04-25,77.04166666666667
2018-04-26,84.04
2018-04-27,81.16666666666667
2018-04-28,71.20833333333333
2018-04-29,71.83333333333333
2018-04-30,76.25
2018-05-01,75.70833333333333
2018-05-02,73.04166666666667
2018-05-03,77.52
2018-05-04,75.41666666666667
2018-05-05,73.45833333333333
2018-05-06,70.08333333333333
2018-05-07,75.5
2018-05-08,73.16666666666667
2018-05-09,71.04166666666667
2018-05-10,68.2
2018-05-11,81.33333333333333
2018-05-12,66.58333333333333
2018-05-13,62.583333333333336
2018-05-14,69.91666666666667
2018-05-15,66.83333333333333
2018-05-16,68.33333333333333
2018-05-17,69.76
2018-05-18,71.25
2018-05-19,58.583333333333336
2018-05-20,59.625
2018-05-21,67.08333333333333
2018-05-22,70.91666666666667
2018-05-23,83.0
2018-05-24,83.28
2018-05-25,68.91666666666667
2018-05-26,58.583333333333336
2018-05-27,63.333333333333336
2018-05-28,67.625
2018-05-29,71.375
2018-05-30,66.125
2018-05-31,83.2
2018-06-01,78.16666666666667
2018-06-02,74.66666666666667
2018-06-03,74.91666666666667
2018-06-04,79.54166666666667
2018-06-05,82.20833333333333
2018-06-06,78.95833333333333
2018-06-07,50.04
2018-06-08,47.166666666666664
2018-06-09,43.375
2018-06-10,60.208333333333336
2018-06-11,78.70833333333333
2018-06-12,63.25
2018-06-13,71.0
2018-06-14,81.2
2018-06-15,70.91666666666667
2018-06-16,60.583333333333336
2018-06-17,58.416666666666664
2018-06-18,68.04166666666667
2018-06-19,66.83333333333333
2018-06-20,66.45833333333333
2018-06-21,52.28
2018-06-22,63.5
2018-06-23,59.125
2018-06-24,66.125
2018-06-25,59.916666666666664
2018-06-26,54.708333333333336
2018-06-27,53.5
2018-06-28,64.44
2018-06-29,79.66666666666667
2018-06-30,73.04166666666667
2018-07-01,60.625
2018-07-02,69.75
2018-07-03,66.08333333333333
2018-07-04,65.58333333333333
2018-07-05,67.84
2018-07-06,64.125
2018-07-07,52.666666666666664
2018-07-08,59.416666666666664
2018-07-09,62.333333333333336
2018-07-10,65.04166666666667
2018-07-11,62.083333333333336
2018-07-12,48.24
2018-07-13,44.416666666666664
2018-07-14,39.958333333333336
2018-07-15,38.166666666666664
2018-07-16,46.583333333333336
2018-07-17,59.333333333333336
2018-07-18,66.95833333333333
2018-07-19,65.76
2018-07-20,62.583333333333336
2018-07-21,53.791666666666664
2018-07-22,50.708333333333336
2018-07-23,61.5
2018-07-24,83.45833333333333
2018-07-25,78.875
2018-07-26,70.28
2018-07-27,68.66666666666667
2018-07-28,58.291666666666664
2018-07-29,55.0
2018-07-30,64.45833333333333
2018-07-31,65.29166666666667
2018-08-01,63.0
2018-08-02,63.56
2018-08-03,67.16666666666667
2018-08-04,62.875
2018-08-05,59.541666666666664
2018-08-06,65.25
2018-08-07,68.16666666666667
2018-08-08,83.29166666666667
2018-08-09,65.24
2018-08-10,61.083333333333336
2018-08-11,62.416666666666664
2018-08-12,53.875
2018-08-13,59.958333333333336
2018-08-14,77.33333333333333
2018-08-15,66.04166666666667
2018-08-16,74.48
2018-08-17,70.0
2018-08-18,62.333333333333336
2018-08-19,59.5
2018-08-20,66.79166666666667
2018-08-21,71.20833333333333
2018-08-22,78.29166666666667
2018-08-23,76.0
2018-08-24,69.5
2018-08-25,65.58333333333333
2018-08-26,62.0
2018-08-27,70.875
2018-08-28,83.58333333333333
2018-08-29,78.16666666666667
2018-08-30,52.88
2018-08-31,50.708333333333336
2018-09-01,49.208333333333336
2018-09-02,50.166666666666664
2018-09-03,49.666666666666664
2018-09-04,52.416666666666664
2018-09-05,63.75
2018-09-06,73.8
2018-09-07,57.166666666666664
2018-09-08,48.833333333333336
2018-09-09,47.458333333333336
2018-09-10,50.083333333333336
2018-09-11,53.708333333333336
2018-09-12,56.166666666666664
2018-09-13,79.72
2018-09-14,73.08333333333333
2018-09-15,62.125
2018-09-16,59.625
2018-09-17,68.0
2018-09-18,68.91666666666667
2018-09-19,68.91666666666667
2018-09-20,75.68
2018-09-21,82.95833333333333
2018-09-22,72.16666666666667
2018-09-23,68.625
2018-09-24,74.45833333333333
2018-09-25,74.0
2018-09-26,75.75
2018-09-27,73.12
2018-09-28,71.91666666666667
2018-09-29,62.583333333333336
2018-09-30,61.666666666666664
2018-10-01,66.0
2018-10-02,69.41666666666667
2018-10-03,69.41666666666667
2018-10-04,74.88
2018-10-05,69.33333333333333
2018-10-06,61.625
2018-10-07,58.083333333333336
2018-10-08,71.125
2018-10-09,71.91666666666667
2018-10-10,76.16666666666667
2018-10-11,78.32
2018-10-12,62.958333333333336
2018-10-13,55.583333333333336
2018-10-14,53.375
2018-10-15,71.375
2018-10-16,65.95833333333333
2018-10-17,60.5
2018-10-18,76.96
2018-10-19,74.16666666666667
2018-10-20,66.75
2018-10-21,66.58333333333333
2018-10-22,72.66666666666667
2018-10-23,74.66666666666667
2018-10-24,75.54166666666667
2018-10-25,68.44
2018-10-26,64.54166666666667
2018-10-27,57.458333333333336
2018-10-28,55.708333333333336
2018-10-29,69.95833333333333
2018-10-30,70.54166666666667
2018-10-31,72.25
2018-11-01,68.6
2018-11-02,67.375
2018-11-03,59.416666666666664
2018-11-04,66.45833333333333
2018-11-05,73.0
2018-11-06,71.66666666666667
2018-11-07,72.04166666666667
2018-11-08,37.72
2018-11-09,34.166666666666664
2018-11-10,30.708333333333332
2018-11-11,28.458333333333332
2018-11-12,34.083333333333336
2018-11-13,35.125
2018-11-14,53.708333333333336
2018-11-15,54.84
2018-11-16,40.916666666666664
2018-11-17,33.708333333333336
2018-11-18,32.708333333333336
2018-11-19,53.083333333333336
2018-11-20,78.79166666666667
2018-11-21,61.875
2018-11-22,52.6
2018-11-23,57.708333333333336
2018-11-24,51.041666666666664
2018-11-25,77.04166666666667
2018-11-26,75.29166666666667
2018-11-27,70.91666666666667
2018-11-28,63.041666666666664
2018-11-29,71.28
2018-11-30,65.875
2018-12-01,57.166666666666664
2018-12-02,49.625
2018-12-03,63.625
2018-12-04,63.958333333333336
2018-12-05,61.875
2018-12-06,60.4
2018-12-07,82.75
2018-12-08,61.125
2018-12-09,54.625
2018-12-10,57.875
2018-12-11,56.583333333333336
2018-12-12,55.416666666666664
2018-12-13,59.08
2018-12-14,64.0
2018-12-15,57.791666666666664
2018-12-16,52.25
2018-12-17,64.125
2018-12-18,64.54166666666667
2018-12-19,71.25
2018-12-20,80.24
2018-12-21,72.08333333333333
2018-12-22,60.208333333333336
2018-12-23,61.5
2018-12-24,70.29166666666667
2018-12-25,65.16666666666667
2018-12-26,63.625
2018-12-27,78.72
2018-12-28,79.79166666666667
2018-12-29,72.16666666666667
2018-12-30,68.54166666666667
2018-12-31,68.08333333333333
2019-01-01,65.29166666666667
2019-01-02,74.95833333333333
2019-01-03,82.2
2019-01-04,78.375
2019-01-05,68.83333333333333
2019-01-06,70.66666666666667
2019-01-07,78.0
2019-01-08,75.16666666666667
2019-01-09,77.08333333333333
2019-01-10,80.64
2019-01-11,74.41666666666667
2019-01-12,62.666666666666664
2019-01-13,64.0
2019-01-14,70.54166666666667
2019-01-15,66.375
2019-01-16,64.79166666666667
2019-01-17,71.76
2019-01-18,67.04166666666667
2019-01-19,64.95833333333333
2019-01-20,62.166666666666664
2019-01-21,66.75
2019-01-22,68.79166666666667
2019-01-23,70.125
2019-01-24,77.6
2019-01-25,73.83333333333333
2019-01-26,64.45833333333333
2019-01-27,68.125
2019-01-28,85.20833333333333
2019-01-29,81.125
2019-01-30,78.54166666666667
2019-01-31,56.6
2019-02-01,55.458333333333336
2019-02-02,49.583333333333336
2019-02-03,49.541666666666664
2019-02-04,58.416666666666664
2019-02-05,71.375
2019-02-06,67.91666666666667
2019-02-07,68.4
2019-02-08,70.5
2019-02-09,61.916666666666664
2019-02-10,59.5
2019-02-11,64.29166666666667
2019-02-12,61.833333333333336
2019-02-13,60.708333333333336
2019-02-14,62.72
2019-02-15,62.625
2019-02-16,55.333333333333336
2019-02-17,55.458333333333336
2019-02-18,73.54166666666667
2019-02-19,84.04166666666667
2019-02-20,75.5
2019-02-21,65.44
2019-02-22,63.625
2019-02-23,64.58333333333333
2019-02-24,75.41666666666667
2019-02-25,66.125
2019-02-26,61.0
2019-02-27,59.583333333333336
2019-02-28,77.12
2019-03-01,73.45833333333333
2019-03-02,64.58333333333333
2019-03-03,67.625
2019-03-04,78.45833333333333
2019-03-05,78.83333333333333
2019-03-06,81.29166666666667
2019-03-07,73.08
2019-03-08,70.125
2019-03-09,68.625
2019-03-10,65.5
2019-03-11,69.83333333333333
2019-03-12,70.04166666666667
2019-03-13,67.29166666666667
2019-03-14,67.12
2019-03-15,66.625
2019-03-16,71.95833333333333
2019-03-17,64.91666666666667
2019-03-18,72.79166666666667
2019-03-19,78.41666666666667
2019-03-20,76.16666666666667
2019-03-21,49.36
2019-03-22,46.416666666666664
2019-03-23,41.125
2019-03-24,37.666666666666664
2019-03-25,42.583333333333336
2019-03-26,40.666666666666664
2019-03-27,47.916666666666664
2019-03-28,26.56
2019-03-29,26.375
2019-03-30,24.25
2019-03-31,22.75
2019-04-01,27.083333333333332
2019-04-02,60.375
2019-04-03,65.58333333333333
2019-04-04,81.72
2019-04-05,66.625
2019-04-06,58.0
2019-04-07,60.0
2019-04-08,69.83333333333333
2019-04-09,64.5
2019-04-10,64.29166666666667
2019-04-11,85.36
2019-04-12,78.58333333333333
2019-04-13,67.45833333333333
2019-04-14,64.25
2019-04-15,75.58333333333333
2019-04-16,76.20833333333333
2019-04-17,77.58333333333333
2019-04-18,67.52
2019-04-19,63.291666666666664
2019-04-20,58.666666666666664
2019-04-21,55.458333333333336
2019-04-22,63.333333333333336
2019-04-23,82.75
2019-04-24,74.20833333333333
2019-04-25,64.64
2019-04-26,66.125
2019-04-27,52.166666666666664
2019-04-28,51.0
2019-04-29,53.541666666666664
2019-04-30,56.166666666666664
2019-05-01,53.541666666666664
2019-05-02,61.0
2019-05-03,74.75
2019-05-04,66.875
2019-05-05,65.08333333333333
2019-05-06,64.66666666666667
2019-05-07,77.83333333333333
2019-05-08,77.91666666666667
2019-05-09,37.12
2019-05-10,38.958333333333336
2019-05-11,49.333333333333336
2019-05-12,53.291666666666664
2019-05-13,58.208333333333336
2019-05-14,69.41666666666667
2019-05-15,56.208333333333336
2019-05-16,69.44
2019-05-17,71.58333333333333
2019-05-18,52.875
2019-05-19,58.083333333333336
2019-05-20,59.291666666666664
2019-05-21,56.791666666666664
2019-05-22,53.083333333333336
2019-05-23,61.56
2019-05-24,59.791666666666664
2019-05-25,54.25
2019-05-26,58.666666666666664
2019-05-27,84.29166666666667
2019-05-28,73.375
2019-05-29,69.25
2019-05-30,79.0
2019-05-31,75.58333333333333
2019-06-01,63.416666666666664
2019-06-02,61.583333333333336
2019-06-03,65.33333333333333
2019-06-04,79.16666666666667
2019-06-05,65.875
2019-06-06,75.32
2019-06-07,76.08333333333333
2019-06-08,61.416666666666664
2019-06-09,59.791666666666664
2019-06-10,68.91666666666667
2019-06-11,71.29166666666667
2019-06-12,70.875
2019-06-13,54.2
2019-06-14,57.666666666666664
2019-06-15,57.041666666666664
2019-06-16,72.58333333333333
2019-06-17,73.45833333333333
2019-06-18,74.0
2019-06-19,66.58333333333333
2019-06-20,24.52
2019-06-21,28.333333333333332
2019-06-22,44.666666666666664
2019-06-23,31.791666666666668
2019-06-24,32.583333333333336
2019-06-25,36.208333333333336
2019-06-26,61.416666666666664
2019-06-27,79.88
2019-06-28,60.916666666666664
2019-06-29,46.25
2019-06-30,42.375
2019-07-01,47.0
2019-07-02,47.041666666666664
2019-07-03,42.791666666666664
2019-07-04,71.32
2019-07-05,66.41666666666667
2019-07-06,57.583333333333336
2019-07-07,55.0
2019-07-08,65.95833333333333
2019-07-09,78.625
2019-07-10,81.625
2019-07-11,70.52
2019-07-12,68.95833333333333
2019-07-13,56.041666666666664
2019-07-14,56.875
2019-07-15,70.875
2019-07-16,72.04166666666667
2019-07-17,71.41666666666667
2019-07-18,83.6
2019-07-19,73.5
2019-07-20,64.91666666666667
2019-07-21,62.583333333333336
2019-07-22,65.625
2019-07-23,67.83333333333333
2019-07-24,72.625
2019-07-25,69.64
2019-07-26,62.166666666666664
2019-07-27,62.958333333333336
2019-07-28,58.541666666666664
2019-07-29,63.541666666666664
2019-07-30,63.416666666666664
2019-07-31,62.25
2019-08-01,61.08
2019-08-02,65.16666666666667
2019-08-03,58.625
2019-08-04,57.0
2019-08-05,81.66666666666667
2019-08-06,83.83333333333333
2019-08-07,74.45833333333333
2019-08-08,74.44
2019-08-09,70.33333333333333
2019-08-10,63.625
2019-08-11,60.25
2019-08-12,66.25
2019-08-13,65.95833333333333
2019-08-14,73.0
2019-08-15,81.32
2019-08-16,68.875
2019-08-17,60.208333333333336
2019-08-18,56.5
2019-08-19,64.875
2019-08-20,66.75
2019-08-21,67.45833333333333
2019-08-22,67.2
2019-08-23,63.458333333333336
2019-08-24,58.25
2019-08-25,55.708333333333336
2019-08-26,60.791666666666664
2019-08-27,64.0
2019-08-28,65.16666666666667
2019-08-29,77.44
2019-08-30,68.125
2019-08-31,58.375
2019-09-01,56.208333333333336
2019-09-02,68.75
2019-09-03,75.79166666666667
2019-09-04,71.95833333333333
2019-09-05,73.8
2019-09-06,74.75
2019-09-07,63.833333333333336
2019-09-08,63.875
2019-09-09,68.79166666666667
2019-09-10,67.91666666666667
2019-09-11,69.29166666666667
2019-09-12,75.12
2019-09-13,68.70833333333333
2019-09-14,65.20833333333333
2019-09-15,64.16666666666667
2019-09-16,70.45833333333333
2019-09-17,70.41666666666667
2019-09-18,68.625
2019-09-19,33.44
2019-09-20,30.166666666666668
2019-09-21,26.75
2019-09-22,26.166666666666668
2019-09-23,32.25
2019-09-24,43.541666666666664
2019-09-25,50.666666666666664
2019-09-26,73.32
2019-09-27,67.16666666666667
2019-09-28,53.708333333333336
2019-09-29,51.5
2019-09-30,58.333333333333336
2019-10-01,57.041666666666664
2019-10-02,54.458333333333336
2019-10-03,70.76
2019-10-04,65.70833333333333
2019-10-05,62.708333333333336
2019-10-06,61.375
2019-10-07,71.70833333333333
2019-10-08,68.625
2019-10-09,72.58333333333333
2019-10-10,54.84
2019-10-11,52.958333333333336
2019-10-12,45.791666666666664
2019-10-13,43.791666666666664
2019-10-14,50.541666666666664
2019-10-15,53.625
2019-10-16,53.625
2019-10-17,55.48
2019-10-18,52.5
2019-10-19,48.583333333333336
2019-10-20,47.833333333333336
2019-10-21,54.291666666666664
2019-10-22,50.666666666666664
2019-10-23,66.08333333333333
2019-10-24,36.72
2019-10-25,38.541666666666664
2019-10-26,55.291666666666664
2019-10-27,38.541666666666664
2019-10-28,41.541666666666664
2019-10-29,38.5
2019-10-30,34.541666666666664
2019-10-31,67.04
2019-11-01,66.58333333333333
2019-11-02,60.208333333333336
2019-11-03,58.708333333333336
2019-11-04,66.54166666666667
2019-11-05,69.41666666666667
2019-11-06,65.58333333333333
2019-11-07,71.28
2019-11-08,75.5
2019-11-09,65.20833333333333
2019-11-10,64.125
2019-11-11,69.75
2019-11-12,68.5
2019-11-13,70.625
2019-11-14,72.08
2019-11-15,74.08333333333333
2019-11-16,69.75
2019-11-17,69.45833333333333
2019-11-18,76.20833333333333
2019-11-19,83.79166666666667
2019-11-20,79.79166666666667
2019-11-21,62.16
2019-11-22,72.0
2019-11-23,58.125
2019-11-24,54.375
2019-11-25,73.83333333333333
2019-11-26,65.20833333333333
2019-11-27,62.375
2019-11-28,71.28
2019-11-29,66.91666666666667
2019-11-30,63.041666666666664
2019-12-01,62.041666666666664
2019-12-02,65.625
2019-12-03,64.20833333333333
2019-12-04,67.83333333333333
2019-12-05,68.96
2019-12-06,65.75
2019-12-07,61.458333333333336
2019-12-08,56.5
2019-12-09,62.958333333333336
2019-12-10,65.29166666666667
2019-12-11,66.45833333333333
2019-12-12,49.56
2019-12-13,47.916666666666664
2019-12-14,46.541666666666664
2019-12-15,45.291666666666664
2019-12-16,49.208333333333336
2019-12-17,60.458333333333336
2019-12-18,62.5
2019-12-19,76.68
2019-12-20,68.95833333333333
2019-12-21,60.041666666666664
2019-12-22,59.75
2019-12-23,71.41666666666667
2019-12-24,63.541666666666664
2019-12-25,60.333333333333336
2019-12-26,72.68
2019-12-27,74.16666666666667
2019-12-28,73.75
2019-12-29,70.58333333333333
2019-12-30,71.54166666666667
2019-12-31,72.45833333333333
2020-01-01,72.5
2020-01-02,53.56
2020-01-03,59.5
2020-01-04,53.125
2020-01-05,52.75
2020-01-06,59.416666666666664
2020-01-07,70.625
2020-01-08,78.25
2020-01-09,54.32
2020-01-10,50.875
2020-01-11,47.375
2020-01-12,43.583333333333336
2020-01-13,46.125
2020-01-14,64.125
2020-01-15,63.125
2020-01-16,76.68
2020-01-17,80.5
2020-01-18,74.66666666666667
2020-01-19,81.91666666666667
2020-01-20,74.66666666666667
2020-01-21,72.0
2020-01-22,68.66666666666667
2020-01-23,58.6
2020-01-24,58.291666666666664
2020-01-25,52.875
2020-01-26,49.666666666666664
2020-01-27,59.75
2020-01-28,68.5
2020-01-29,72.625
2020-01-30,70.2
2020-01-31,65.83333333333333
2020-02-01,59.125
2020-02-02,59.833333333333336
2020-02-03,59.458333333333336
2020-02-04,62.416666666666664
2020-02-05,67.75
2020-02-06,67.96
2020-02-07,61.916666666666664
2020-02-08,60.666666666666664
2020-02-09,79.54166666666667
2020-02-10,70.25
2020-02-11,70.625
2020-02-12,80.54166666666667
2020-02-13,71.68
2020-02-14,63.375
2020-02-15,61.666666666666664
2020-02-16,58.833333333333336
2020-02-17,62.75
2020-02-18,62.166666666666664
2020-02-19,66.16666666666667
2020-02-20,76.16
2020-02-21,70.29166666666667
2020-02-22,60.875
2020-02-23,63.875
2020-02-24,71.41666666666667
2020-02-25,71.875
2020-02-26,81.33333333333333
2020-02-27,72.92
2020-02-28,75.75
2020-02-29,63.875
2020-03-01,60.375
2020-03-02,64.33333333333333
2020-03-03,63.625
2020-03-04,64.83333333333333
2020-03-05,53.76
2020-03-06,53.333333333333336
2020-03-07,46.166666666666664
2020-03-08,50.291666666666664
2020-03-09,86.08333333333333
2020-03-10,68.5
2020-03-11,59.041666666666664
2020-03-12,42.72
2020-03-13,61.5
2020-03-14,38.625
2020-03-15,33.666666666666664
2020-03-16,41.666666666666664
2020-03-17,35.916666666666664
2020-03-18,32.916666666666664
2020-03-19,77.84
2020-03-20,79.5
2020-03-21,69.16666666666667
2020-03-22,60.333333333333336
2020-03-23,64.16666666666667
2020-03-24,65.125
2020-03-25,59.583333333333336
2020-03-26,82.8
2020-03-27,78.45833333333333
2020-03-28,81.375
2020-03-29,76.70833333333333
2020-03-30,79.0
2020-03-31,73.375
2020-04-01,71.625
2020-04-02,73.64
2020-04-03,67.91666666666667
2020-04-04,62.875
2020-04-05,61.125
2020-04-06,73.0
2020-04-07,74.54166666666667
2020-04-08,67.125
2020-04-09,74.4
2020-04-10,79.16666666666667
2020-04-11,75.45833333333333
2020-04-12,72.375
2020-04-13,79.0
2020-04-14,74.41666666666667
2020-04-15,72.5
2020-04-16,78.72
2020-04-17,72.375
2020-04-18,69.875
2020-04-19,69.29166666666667
2020-04-20,70.0
2020-04-21,70.75
2020-04-22,67.20833333333333
2020-04-23,51.32
2020-04-24,53.333333333333336
2020-04-25,50.291666666666664
2020-04-26,50.708333333333336
2020-04-27,53.125
2020-04-28,50.333333333333336
2020-04-29,70.625
2020-04-30,68.84
2020-05-01,54.333333333333336
2020-05-02,50.458333333333336
2020-05-03,52.083333333333336
2020-05-04,48.166666666666664
2020-05-05,48.291666666666664
2020-05-06,53.208333333333336
2020-05-07,37.56
2020-05-08,41.0
2020-05-09,35.458333333333336
2020-05-10,46.5
2020-05-11,52.541666666666664
2020-05-12,39.833333333333336
2020-05-13,33.625
2020-05-14,80.84
2020-05-15,72.25
2020-05-16,65.45833333333333
2020-05-17,65.79166666666667
2020-05-18,66.45833333333333
2020-05-19,60.916666666666664
2020-05-20,60.291666666666664
2020-05-21,83.52
2020-05-22,80.04166666666667
2020-05-23,72.66666666666667
2020-05-24,72.54166666666667
2020-05-25,80.58333333333333
2020-05-26,75.83333333333333
2020-05-27,73.91666666666667
2020-05-28,52.6
2020-05-29,50.541666666666664
2020-05-30,48.0
2020-05-31,48.0
2020-06-01,47.375
2020-06-02,65.83333333333333
2020-06-03,53.125
2020-06-04,77.36
2020-06-05,77.58333333333333
2020-06-06,72.16666666666667
2020-06-07,73.33333333333333
2020-06-08,73.66666666666667
2020-06-09,73.5
2020-06-10,74.70833333333333
2020-06-11,80.28
2020-06-12,74.91666666666667
2020-06-13,66.0
2020-06-14,64.95833333333333
2020-06-15,74.875
2020-06-16,73.54166666666667
2020-06-17,68.91666666666667
2020-06-18,72.16
2020-06-19,70.66666666666667
2020-06-20,67.20833333333333
2020-06-21,62.833333333333336
2020-06-22,73.45833333333333
2020-06-23,75.66666666666667
2020-06-24,73.16666666666667
2020-06-25,76.12
2020-06-26,75.54166666666667
2020-06-27,74.04166666666667
2020-06-28,78.91666666666667
2020-06-29,75.5
2020-06-30,74.54166666666667
2020-07-01,72.75
2020-07-02,76.16
2020-07-03,71.20833333333333
2020-07-04,67.29166666666667
2020-07-05,70.58333333333333
2020-07-06,75.75
2020-07-07,73.25
2020-07-08,78.25
2020-07-09,37.64
2020-07-10,34.25
2020-07-11,31.958333333333332
2020-07-12,32.916666666666664
2020-07-13,34.833333333333336
2020-07-14,36.958333333333336
2020-07-15,42.083333333333336
2020-07-16,13.0
2020-07-17,8.291666666666666
2020-07-18,11.208333333333334
2020-07-19,7.666666666666667
2020-07-20,6.875
2020-07-21,7.791666666666667
2020-07-22,7.833333333333333
2020-07-23,29.8
2020-07-24,29.666666666666668
2020-07-25,30.708333333333332
2020-07-26,35.041666666666664
2020-07-27,51.083333333333336
2020-07-28,55.041666666666664
2020-07-29,44.25
2020-07-30,60.32
2020-07-31,62.416666666666664
2020-08-01,75.25
2020-08-02,77.33333333333333
2020-08-03,63.916666666666664
2020-08-04,58.333333333333336
2020-08-05,60.708333333333336
2020-08-06,80.12
2020-08-07,74.91666666666667
2020-08-08,69.08333333333333
2020-08-09,65.95833333333333
2020-08-10,77.58333333333333
2020-08-11,74.375
2020-08-12,71.08333333333333
2020-08-13,58.36
2020-08-14,59.5
2020-08-15,58.0
2020-08-16,57.375
2020-08-17,67.29166666666667
2020-08-18,66.625
2020-08-19,58.958333333333336
2020-08-20,80.6
2020-08-21,76.25
2020-08-22,74.66666666666667
2020-08-23,70.41666666666667
2020-08-24,74.83333333333333
2020-08-25,77.125
2020-08-26,72.875
2020-08-27,70.48
2020-08-28,69.875
2020-08-29,62.458333333333336
2020-08-30,65.79166666666667
2020-08-31,67.375
2020-09-01,75.45833333333333
2020-09-02,75.04166666666667
2020-09-03,72.96
2020-09-04,80.625
2020-09-05,69.625
2020-09-06,68.625
2020-09-07,65.375
2020-09-08,63.708333333333336
2020-09-09,61.125
2020-09-10,73.68
2020-09-11,73.66666666666667
2020-09-12,68.875
2020-09-13,70.04166666666667
2020-09-14,72.08333333333333
2020-09-15,75.5
2020-09-16,76.29166666666667
2020-09-17,75.84
2020-09-18,73.125
2020-09-19,68.45833333333333
2020-09-20,68.66666666666667
2020-09-21,76.125
2020-09-22,73.33333333333333
2020-09-23,70.95833333333333
2020-09-24,75.84
2020-09-25,77.0
2020-09-26,71.16666666666667
2020-09-27,68.95833333333333
2020-09-28,74.70833333333333
2020-09-29,77.875
2020-09-30,70.41666666666667
2020-10-01,78.6
2020-10-02,78.625
2020-10-03,74.66666666666667
2020-10-04,72.33333333333333
2020-10-05,78.04166666666667
2020-10-06,76.91666666666667
2020-10-07,74.08333333333333
2020-10-08,66.36
2020-10-09,69.16666666666667
2020-10-10,74.41666666666667
2020-10-11,68.20833333333333
2020-10-12,73.5
2020-10-13,71.625
2020-10-14,72.625
2020-10-15,37.52
2020-10-16,34.833333333333336
2020-10-17,31.833333333333332
2020-10-18,31.5
2020-10-19,35.708333333333336
2020-10-20,41.291666666666664
2020-10-21,61.625
2020-10-22,76.36
2020-10-23,62.833333333333336
2020-10-24,54.875
2020-10-25,54.5
2020-10-26,57.5
2020-10-27,64.66666666666667
2020-10-28,69.79166666666667
2020-10-29,79.88
2020-10-30,78.16666666666667
2020-10-31,80.625
2020-11-01,77.33333333333333
2020-11-02,78.04166666666667
2020-11-03,72.5
2020-11-04,71.70833333333333
2020-11-05,60.24
2020-11-06,70.54166666666667
2020-11-07,54.541666666666664
2020-11-08,50.25
2020-11-09,54.5
2020-11-10,47.041666666666664
2020-11-11,48.208333333333336
2020-11-12,44.24
2020-11-13,47.416666666666664
2020-11-14,40.583333333333336
2020-11-15,36.5
2020-11-16,45.291666666666664
2020-11-17,60.5
2020-11-18,74.04166666666667
2020-11-19,51.2
2020-11-20,53.791666666666664
2020-11-21,54.375
2020-11-22,48.208333333333336
2020-11-23,49.708333333333336
2020-11-24,64.54166666666667
2020-11-25,61.625
2020-11-26,65.28
2020-11-27,50.125
2020-11-28,42.708333333333336
2020-11-29,40.166666666666664
2020-11-30,55.083333333333336
2020-12-01,58.333333333333336
2020-12-02,46.833333333333336
2020-12-03,83.68
2020-12-04,82.20833333333333
2020-12-05,74.95833333333333
2020-12-06,71.54166666666667
2020-12-07,75.16666666666667
2020-12-08,72.70833333333333
2020-12-09,77.125
2020-12-10,29.32
2020-12-11,29.041666666666668
2020-12-12,25.375
2020-12-13,27.0
2020-12-14,27.291666666666668
2020-12-15,28.291666666666668
2020-12-16,49.583333333333336
2020-12-17,82.44
2020-12-18,56.458333333333336
2020-12-19,48.25
2020-12-20,46.958333333333336
2020-12-21,51.0
2020-12-22,43.541666666666664
2020-12-23,42.041666666666664
2020-12-24,35.88
2020-12-25,39.875
2020-12-26,55.541666666666664
2020-12-27,74.70833333333333
2020-12-28,59.583333333333336
2020-12-29,51.0
2020-12-30,59.083333333333336
2020-12-31,39.32
2021-01-01,35.583333333333336
2021-01-02,59.208333333333336
2021-01-03,74.5
2021-01-04,61.333333333333336
2021-01-05,51.166666666666664
2021-01-06,56.916666666666664
2021-01-07,59.72
2021-01-08,60.916666666666664
2021-01-09,46.875
2021-01-10,45.416666666666664
2021-01-11,67.70833333333333
2021-01-12,51.166666666666664
2021-01-13,44.041666666666664
2021-01-14,81.2
2021-01-15,71.625
2021-01-16,60.041666666666664
2021-01-17,55.416666666666664
2021-01-18,51.916666666666664
2021-01-19,51.458333333333336
2021-01-20,49.875
2021-01-21,58.04
2021-01-22,65.5
2021-01-23,46.333333333333336
2021-01-24,41.666666666666664
2021-01-25,44.041666666666664
2021-01-26,41.541666666666664
2021-01-27,44.208333333333336
2021-01-28,49.04
2021-01-29,77.16666666666667
2021-01-30,55.5
2021-01-31,46.291666666666664
2021-02-01,46.833333333333336
2021-02-02,43.958333333333336
2021-02-03,47.0
2021-02-04,27.08
2021-02-05,23.5
2021-02-06,28.541666666666668
2021-02-07,25.541666666666668
2021-02-08,51.708333333333336
2021-02-09,67.125
2021-02-10,44.291666666666664
2021-02-11,64.24
2021-02-12,64.29166666666667
2021-02-13,52.958333333333336
2021-02-14,58.0
2021-02-15,58.375
2021-02-16,65.33333333333333
2021-02-17,75.08333333333333
2021-02-18,48.08
2021-02-19,50.916666666666664
2021-02-20,57.583333333333336
2021-02-21,50.875
2021-02-22,58.166666666666664
2021-02-23,72.5
2021-02-24,56.666666666666664
2021-02-25,77.4
2021-02-26,81.29166666666667
2021-02-27,65.58333333333333
2021-02-28,71.66666666666667
2021-03-01,70.41666666666667
2021-03-02,63.541666666666664
2021-03-03,59.333333333333336
2021-03-04,74.0
2021-03-05,73.95833333333333
2021-03-06,64.08333333333333
2021-03-07,67.33333333333333
2021-03-08,72.70833333333333
2021-03-09,85.08333333333333
2021-03-10,82.70833333333333
2021-03-11,55.04
2021-03-12,53.416666666666664
2021-03-13,68.29166666666667
2021-03-14,67.5
2021-03-15,59.416666666666664
2021-03-16,56.333333333333336
2021-03-17,52.916666666666664
2021-03-18,70.24
2021-03-19,64.70833333333333
2021-03-20,59.291666666666664
2021-03-21,60.208333333333336
2021-03-22,67.0
2021-03-23,66.75
2021-03-24,72.41666666666667
2021-03-25,79.8
2021-03-26,68.58333333333333
2021-03-27,62.791666666666664
2021-03-28,58.708333333333336
2021-03-29,65.29166666666667
2021-03-30,69.125
2021-03-31,69.29166666666667
2021-04-01,70.8
2021-04-02,64.95833333333333
2021-04-03,59.958333333333336
2021-04-04,58.083333333333336
2021-04-05,62.0
2021-04-06,60.166666666666664
2021-04-07,60.208333333333336
2021-04-08,56.28
2021-04-09,52.0
2021-04-10,60.25
2021-04-11,57.875
2021-04-12,60.958333333333336
2021-04-13,80.20833333333333
2021-04-14,90.04166666666667
2021-04-15,52.48
2021-04-16,55.916666666666664
2021-04-17,46.666666666666664
2021-04-18,82.91666666666667
2021-04-19,66.29166666666667
2021-04-20,58.791666666666664
2021-04-21,48.625
2021-04-22,53.36
2021-04-23,82.58333333333333
2021-04-24,57.0
2021-04-25,52.041666666666664
2021-04-26,54.5
2021-04-27,49.125
2021-04-28,44.541666666666664
2021-04-29,78.4
2021-04-30,79.79166666666667
2021-05-01,80.75
2021-05-02,72.41666666666667
2021-05-03,80.08333333333333
2021-05-04,82.83333333333333
2021-05-05,82.95833333333333
2021-05-06,28.92
2021-05-07,25.041666666666668
2021-05-08,25.041666666666668
2021-05-09,25.916666666666668
2021-05-10,27.166666666666668
2021-05-11,25.75
2021-05-12,27.875
2021-05-13,39.88
2021-05-14,23.333333333333332
2021-05-15,17.875
2021-05-16,19.875
2021-05-17,28.791666666666668
2021-05-18,22.125
2021-05-19,49.666666666666664
2021-05-20,78.68
2021-05-21,60.333333333333336
2021-05-22,53.666666666666664
2021-05-23,60.0
2021-05-24,58.458333333333336
2021-05-25,46.416666666666664
2021-05-26,39.333333333333336
2021-05-27,73.48
2021-05-28,78.04166666666667
2021-05-29,77.95833333333333
2021-05-30,74.375
2021-05-31,70.95833333333333
2021-06-01,67.33333333333333
2021-06-02,66.66666666666667
2021-06-03,55.84
2021-06-04,59.916666666666664
2021-06-05,53.541666666666664
2021-06-06,56.208333333333336
2021-06-07,54.833333333333336
2021-06-08,76.54166666666667
2021-06-09,68.625
2021-06-10,75.76
2021-06-11,63.708333333333336
2021-06-12,57.541666666666664
2021-06-13,57.125
2021-06-14,73.41666666666667
2021-06-15,61.0
2021-06-16,55.5
2021-06-17,34.88
2021-06-18,34.083333333333336
2021-06-19,31.375
2021-06-20,34.666666666666664
2021-06-21,49.125
2021-06-22,64.70833333333333
2021-06-23,48.458333333333336
2021-06-24,82.96
2021-06-25,85.75
2021-06-26,80.33333333333333
2021-06-27,75.75
2021-06-28,78.45833333333333
2021-06-29,77.04166666666667
2021-06-30,69.54166666666667
2021-07-01,82.4
2021-07-02,81.66666666666667
2021-07-03,78.33333333333333
2021-07-04,81.25
2021-07-05,82.54166666666667
2021-07-06,76.45833333333333
2021-07-07,71.20833333333333
2021-07-08,85.44
2021-07-09,81.58333333333333
2021-07-10,72.66666666666667
2021-07-11,73.04166666666667
2021-07-12,79.08333333333333
2021-07-13,80.20833333333333
2021-07-14,82.66666666666667
2021-07-15,60.36
2021-07-16,61.458333333333336
2021-07-17,56.666666666666664
2021-07-18,55.583333333333336
2021-07-19,63.458333333333336
2021-07-20,83.375
2021-07-21,77.91666666666667
2021-07-22,47.28
2021-07-23,40.291666666666664
2021-07-24,40.416666666666664
2021-07-25,40.25
2021-07-26,73.58333333333333
2021-07-27,54.708333333333336
2021-07-28,50.625
2021-07-29,72.52
2021-07-30,70.375
2021-07-31,74.20833333333333
2021-08-01,69.79166666666667
2021-08-02,68.58333333333333
2021-08-03,65.83333333333333
2021-08-04,64.08333333333333
2021-08-05,60.56
2021-08-06,65.875
2021-08-07,73.29166666666667
2021-08-08,74.54166666666667
2021-08-09,79.375
2021-08-10,76.20833333333333
2021-08-11,77.20833333333333
2021-08-12,83.04
2021-08-13,81.375
2021-08-14,79.58333333333333
2021-08-15,75.5
2021-08-16,77.5
2021-08-17,74.04166666666667
2021-08-18,74.5
2021-08-19,40.48
2021-08-20,44.541666666666664
2021-08-21,43.958333333333336
2021-08-22,41.875
2021-08-23,52.583333333333336
2021-08-24,52.625
2021-08-25,42.5
2021-08-26,79.8
2021-08-27,75.83333333333333
2021-08-28,71.33333333333333
2021-08-29,70.625
2021-08-30,71.75
2021-08-31,72.33333333333333
2021-09-01,70.54166666666667
2021-09-02,29.0
2021-09-03,26.916666666666668
2021-09-04,24.666666666666668
2021-09-05,25.125
2021-09-06,29.291666666666668
2021-09-07,46.958333333333336
2021-09-08,44.75
2021-09-09,86.72
2021-09-10,81.0
2021-09-11,71.66666666666667
2021-09-12,67.625
2021-09-13,75.375
2021-09-14,70.25
2021-09-15,71.625
2021-09-16,54.48
2021-09-17,50.375
2021-09-18,48.916666666666664
2021-09-19,44.333333333333336
2021-09-20,67.625
2021-09-21,71.04166666666667
2021-09-22,64.29166666666667
2021-09-23,49.28
2021-09-24,65.58333333333333
2021-09-25,52.75
2021-09-26,45.75
2021-09-27,45.125
2021-09-28,45.208333333333336
2021-09-29,43.583333333333336
2021-09-30,47.12
2021-10-01,56.75
2021-10-02,50.625
2021-10-03,47.625
2021-10-04,50.625
2021-10-05,59.5
2021-10-06,73.95833333333333
2021-10-07,77.76
2021-10-08,69.75
2021-10-09,62.708333333333336
2021-10-10,61.5
2021-10-11,74.41666666666667
2021-10-12,73.91666666666667
2021-10-13,67.33333333333333
2021-10-14,34.96
2021-10-15,47.208333333333336
2021-10-16,42.083333333333336
2021-10-17,35.208333333333336
2021-10-18,41.333333333333336
2021-10-19,46.583333333333336
2021-10-20,58.541666666666664
2021-10-21,83.16
2021-10-22,69.0
2021-10-23,55.208333333333336
2021-10-24,52.0
2021-10-25,57.166666666666664
2021-10-26,62.333333333333336
2021-10-27,64.95833333333333
2021-10-28,85.24
2021-10-29,79.58333333333333
2021-10-30,69.20833333333333
2021-10-31,68.04166666666667
2021-11-01,70.79166666666667
2021-11-02,74.75
2021-11-03,72.04166666666667
2021-11-04,53.8
2021-11-05,50.541666666666664
2021-11-06,45.708333333333336
2021-11-07,46.291666666666664
2021-11-08,64.20833333333333
2021-11-09,74.45833333333333
2021-11-10,69.5
2021-11-11,65.0
2021-11-12,60.625
2021-11-13,56.083333333333336
2021-11-14,56.625
2021-11-15,59.416666666666664
2021-11-16,75.33333333333333
2021-11-17,66.95833333333333
2021-11-18,73.48
2021-11-19,73.125
2021-11-20,61.333333333333336
2021-11-21,56.583333333333336
2021-11-22,63.291666666666664
2021-11-23,66.75
2021-11-24,68.20833333333333
2021-11-25,64.2
2021-11-26,79.04166666666667
2021-11-27,68.04166666666667
2021-11-28,63.916666666666664
2021-11-29,67.54166666666667
2021-11-30,67.83333333333333
2021-12-01,63.208333333333336
2021-12-02,29.8
2021-12-03,29.583333333333332
2021-12-04,65.20833333333333
2021-12-05,47.625
2021-12-06,44.625
2021-12-07,38.833333333333336
2021-12-08,34.75
2021-12-09,50.96
2021-12-10,50.833333333333336
2021-12-11,47.208333333333336
2021-12-12,44.958333333333336
2021-12-13,53.541666666666664
2021-12-14,56.958333333333336
2021-12-15,53.0
2021-12-16,83.4
2021-12-17,81.91666666666667
2021-12-18,75.58333333333333
2021-12-19,71.125
2021-12-20,80.45833333333333
2021-12-21,81.16666666666667
2021-12-22,77.29166666666667
2021-12-23,72.2
2021-12-24,78.08333333333333
2021-12-25,70.20833333333333
2021-12-26,68.95833333333333
2021-12-27,70.625
2021-12-28,76.375
2021-12-29,73.375
2021-12-30,43.88
2021-12-31,38.75
2022-01-01,40.833333333333336
2022-01-02,41.375
2022-01-03,42.541666666666664
2022-01-04,43.875
2022-01-05,48.5
2022-01-06,86.4
2022-01-07,88.125
2022-01-08,75.125
2022-01-09,68.70833333333333
2022-01-10,74.54166666666667
2022-01-11,69.625
2022-01-12,63.458333333333336
2022-01-13,84.72
2022-01-14,81.5
2022-01-15,72.20833333333333
2022-01-16,73.83333333333333
2022-01-17,76.83333333333333
2022-01-18,77.95833333333333
2022-01-19,72.95833333333333
2022-01-20,33.48
2022-01-21,61.291666666666664
2022-01-22,80.16666666666667
2022-01-23,59.333333333333336
2022-01-24,71.875
2022-01-25,55.5
2022-01-26,50.708333333333336
2022-01-27,80.72
2022-01-28,79.16666666666667
2022-01-29,70.54166666666667
2022-01-30,65.875
2022-01-31,68.54166666666667
2022-02-01,71.875
2022-02-02,68.33333333333333
2022-02-03,58.2
2022-02-04,63.25
2022-02-05,62.958333333333336
2022-02-06,53.5
2022-02-07,66.75
2022-02-08,63.041666666666664
2022-02-09,59.833333333333336
2022-02-10,77.64
2022-02-11,78.75
2022-02-12,70.625
2022-02-13,63.416666666666664
2022-02-14,71.58333333333333
2022-02-15,73.0
2022-02-16,66.16666666666667
2022-02-17,65.4
2022-02-18,68.5
2022-02-19,59.833333333333336
2022-02-20,66.54166666666667
2022-02-21,72.58333333333333
2022-02-22,80.625
2022-02-23,66.83333333333333
2022-02-24,75.44
2022-02-25,51.875
2022-02-26,38.416666666666664
2022-02-27,39.166666666666664
2022-02-28,46.458333333333336
2022-03-01,52.791666666666664
2022-03-02,44.541666666666664
2022-03-03,76.76
2022-03-04,76.08333333333333
2022-03-05,69.08333333333333
2022-03-06,64.66666666666667
2022-03-07,76.5
2022-03-08,69.58333333333333
2022-03-09,78.79166666666667
2022-03-10,89.24
2022-03-11,85.70833333333333
2022-03-12,75.54166666666667
2022-03-13,73.875
2022-03-14,81.625
2022-03-15,76.875
2022-03-16,81.75
2022-03-17,74.6
2022-03-18,74.625
2022-03-19,69.25
2022-03-20,65.0
2022-03-21,67.75
2022-03-22,75.58333333333333
2022-03-23,69.83333333333333
2022-03-24,60.72
2022-03-25,62.833333333333336
2022-03-26,53.666666666666664
2022-03-27,58.708333333333336
2022-03-28,71.66666666666667
2022-03-29,63.833333333333336
2022-03-30,62.25
2022-03-31,77.64
2022-04-01,79.66666666666667
2022-04-02,71.45833333333333
2022-04-03,69.66666666666667
2022-04-04,72.33333333333333
2022-04-05,72.125
2022-04-06,77.91666666666667
2022-04-07,65.0
2022-04-08,63.583333333333336
2022-04-09,56.458333333333336
2022-04-10,54.666666666666664
2022-04-11,71.83333333333333
2022-04-12,68.16666666666667
2022-04-13,63.416666666666664
2022-04-14,80.28
2022-04-15,78.33333333333333
2022-04-16,71.125
2022-04-17,70.45833333333333
2022-04-18,83.70833333333333
2022-04-19,77.95833333333333
2022-04-20,74.83333333333333
2022-04-21,72.08
2022-04-22,73.45833333333333
2022-04-23,65.5
2022-04-24,64.875
2022-04-25,79.25
2022-04-26,79.45833333333333
2022-04-27,74.95833333333333
2022-04-28,80.76
2022-04-29,78.20833333333333
2022-04-30,75.45833333333333
2022-05-01,77.70833333333333
2022-05-02,79.625
2022-05-03,75.54166666666667
2022-05-04,76.58333333333333
2022-05-05,28.32
2022-05-06,28.166666666666668
2022-05-07,22.958333333333332
2022-05-08,27.416666666666668
2022-05-09,46.916666666666664
2022-05-10,48.916666666666664
2022-05-11,53.541666666666664
2022-05-12,77.32
2022-05-13,60.25
2022-05-14,43.125
2022-05-15,36.541666666666664
2022-05-16,37.916666666666664
2022-05-17,34.5
2022-05-18,34.166666666666664
2022-05-19,81.32
2022-05-20,75.66666666666667
2022-05-21,67.25
2022-05-22,65.25
2022-05-23,72.95833333333333
2022-05-24,72.29166666666667
2022-05-25,65.83333333333333
2022-05-26,74.6
2022-05-27,78.5
2022-05-28,67.95833333333333
2022-05-29,63.25
2022-05-30,76.54166666666667
2022-05-31,77.70833333333333
2022-06-01,70.83333333333333
2022-06-02,77.88
2022-06-03,75.5
2022-06-04,66.58333333333333
2022-06-05,65.125
2022-06-06,77.16666666666667
2022-06-07,80.58333333333333
2022-06-08,73.58333333333333
2022-06-09,21.92
2022-06-10,20.5
2022-06-11,20.75
2022-06-12,26.041666666666668
2022-06-13,65.45833333333333
2022-06-14,67.20833333333333
2022-06-15,62.208333333333336
2022-06-16,45.08
2022-06-17,40.208333333333336
2022-06-18,57.583333333333336
2022-06-19,57.416666666666664
2022-06-20,45.041666666666664
2022-06-21,37.291666666666664
2022-06-22,33.833333333333336
2022-06-23,86.12
2022-06-24,80.83333333333333
2022-06-25,70.16666666666667
2022-06-26,69.0
2022-06-27,76.875
2022-06-28,74.08333333333333
2022-06-29,75.33333333333333
2022-06-30,75.36
2022-07-01,71.54166666666667
2022-07-02,60.458333333333336
2022-07-03,59.041666666666664
2022-07-04,62.0
2022-07-05,62.25
2022-07-06,58.333333333333336
2022-07-07,73.84
2022-07-08,74.625
2022-07-09,62.166666666666664
2022-07-10,62.416666666666664
2022-07-11,70.29166666666667
2022-07-12,72.79166666666667
2022-07-13,71.66666666666667
2022-07-14,62.6
2022-07-15,58.125
2022-07-16,52.666666666666664
2022-07-17,52.958333333333336
2022-07-18,62.666666666666664
2022-07-19,63.041666666666664
2022-07-20,69.95833333333333
2022-07-21,88.96
2022-07-22,74.29166666666667
2022-07-23,62.958333333333336
2022-07-24,59.833333333333336
2022-07-25,68.25
2022-07-26,68.91666666666667
2022-07-27,66.75
2022-07-28,84.24
2022-07-29,81.125
2022-07-30,72.95833333333333
2022-07-31,70.625
2022-08-01,74.54166666666667
2022-08-02,74.54166666666667
2022-08-03,72.83333333333333
2022-08-04,80.72
2022-08-05,78.375
2022-08-06,70.45833333333333
2022-08-07,69.04166666666667
2022-08-08,84.0
2022-08-09,79.66666666666667
2022-08-10,82.625
2022-08-11,85.48
2022-08-12,79.33333333333333
2022-08-13,72.33333333333333
2022-08-14,74.54166666666667
2022-08-15,78.125
2022-08-16,74.5
2022-08-17,74.54166666666667
2022-08-18,63.4
2022-08-19,81.20833333333333
2022-08-20,71.04166666666667
2022-08-21,65.41666666666667
2022-08-22,70.25
2022-08-23,66.04166666666667
2022-08-24,62.833333333333336
2022-08-25,70.12
2022-08-26,75.79166666666667
2022-08-27,78.0
2022-08-28,73.70833333333333
2022-08-29,83.875
2022-08-30,78.875
2022-08-31,75.16666666666667
2022-09-01,70.76
2022-09-02,68.875
2022-09-03,60.625
2022-09-04,61.208333333333336
2022-09-05,66.0
2022-09-06,72.375
2022-09-07,81.70833333333333
2022-09-08,68.44
2022-09-09,77.25
2022-09-10,66.08333333333333
2022-09-11,61.25
2022-09-12,72.41666666666667
2022-09-13,76.29166666666667
2022-09-14,76.41666666666667
2022-09-15,64.24
2022-09-16,62.166666666666664
2022-09-17,54.583333333333336
2022-09-18,53.708333333333336
2022-09-19,74.16666666666667
2022-09-20,68.08333333333333
2022-09-21,70.5
2022-09-22,86.0
2022-09-23,83.33333333333333
2022-09-24,71.91666666666667
2022-09-25,69.20833333333333
2022-09-26,80.16666666666667
2022-09-27,83.79166666666667
2022-09-28,80.79166666666667
2022-09-29,84.12
2022-09-30,82.16666666666667
2022-10-01,64.41666666666667
